Loved Syn,Angry Syn,Sad Syn,Joyful Syn,Content Syn,Fearful Syn,Proud Syn,disgusted,Interested syn,guilty syn
beloved,indignant,melancholy,joyous,satisfied,afraid,prideful,sick,involved,culpable
precious,wrathful,doleful,glad,happy,fearsome,glad,fed up,excited,censurable
dear,furious,blue,happy,contented,panicky,pleased,sick of,fascinated,chargeable
darling,mad,mournful,festive,gratified,scared,contented,nauseated,keen,regretful
cherished,choleric,woebegone,merry,pleased,frightened,thrilled,repelled,into,blameworthy
none,irate,dejected,pleased,complacent,terrible,self-respecting,repulsed,affected,criminal
sweet,sore,low,elated,smug,dreadful,well-pleased,tired,intent,conscience-stricken
adored,ireful,wistful,overjoyed,fulfilled,timid,appreciative,sickened,concerned,rueful
favorite,outraged,down,delighted,at ease,dire,joyful,weary,responsive,blamable
fair-haired,incensed,sorrowful,cheery,self-satisfied,petrified,dignified,outraged,attracted,remorseful
pet,enraged,downcast,jubilant,comfortable,fainthearted,satisfied,appalled,attentive,contrite
favored,infuriated,gloomy,cheerful,tickled pink,frightful,gratified,revolted,drawn,blameful
wanted,splenetic,sorry,pleasurable,buoyant,terrified,lofty,abhorred,stimulated,hangdog
idolised,hot,lugubrious,gladsome,pleased as punch,jittery,content,satiated,curious,reprehensible
treasured,annoyed,low-spirited,jocund,willing,chicken,haughty,squeamish,engrossed,shamefaced
best-loved,ill-tempered,melancholic,beatific,willing to accept,nervous,lordly,offended,moved,delinquent
worshipped,irascible,depressed,rapturous,gloating,chickenhearted,bright,up to here,entranced,depraved
favourite,irritated,glum,sunny,appeased,direful,euphoric,full up,high,evil
fond,piqued,dismal,gay,agreeable,funky,elated,had bellyful,riveted,erring
special,cross,unhappy,enjoyable,brought about,ghastly,disdainful,overwrought,occupied,felonious
admired,livid,disconsolate,high,self-fulfilment,unmanly,merry,had enough,agog,liable
idolized,exasperated,forlorn,pleasing,cushy,yellow,honored,unhappy,enticed,in the wrong
preferred,provoked,joyless,chuffed,disposed to look on the bright side,horrendous,overjoyed,shocked,impressed,punishable
white-headed,raging,despondent,gratified,fresh,pusillanimous,superior,fastidious,intrigued,sorry
love me,riled,heartsick,enraptured,well-pleased,aghast,delighted,queasy,eager,convicted
besotted,heated,desolate,gleeful,reached,apprehensive,happy,teed off,engaged,at fault
think the sun shines out (of) sbs arse/backside idiom,resentful,woeful,ecstatic,glorying,intimidated,big,nauseous,sympathetic,sinful
worshiped,displeased,cheerless,satisfied,stoked,lily-livered,supercilious,sick and tired of,enthusiastic,indictable
main,wroth,downhearted,jolly,positive,scary,cock-a-hoop,grossed out,intoxicated,wicked
well-liked,fuming,pensive,blissful,running,dread,arrogant,displeased,caught,in error
adoringly,incandescent,heartbroken,made up,thatll do nicely idiom,goose-bumpy,cheerful,tired of,fired,guilt-ridden
number one,uptight,heavyhearted,expansive,gruntled,horrible,gruntled,had it,spellbound,out of line
fondly,angered,sick at heart,tickled,gem√ºtlich,disquieted,gorgeous,scandalized,gripped,censured
well liked,apoplectic,miserable,delirious,temperate,shrinking,glorious,turned off,lured,condemned
bosom,inflamed,grieved,thrilled,amusing,worried,chuffed,despise,open,shamed
lovingly,hot under the collar,crestfallen,heartening,flying high,terror-stricken,gay,cut,obsessed,ashamed
treasure,nettled,down in the mouth,perky,unconstrained,shy,majestic,scared,absorbed,offending
fall in love idiom,maddened,grief-stricken,exalted,fun-loving,dastardly,magnificent,take,delirious,sheepish
lurve,steaming,distressed,blithe,safe,recreant,overbearing,disgusted,mad,responsible
lionized,bitter,morose,transported,matured,tremulous,cheery,thing,on the case,accusable
charming,shirty,wretched,jovial,inviting,frightening,up,afraid,captivated,blameable
the apple of sbs eye idiom,huffy,heavy-hearted,exultant,frenzied,panic-stricken,charmed,daunted,awakened,convictable
feeling,irritable,inconsolable,doing handsprings,self-satisfaction,poor-spirited,fulfilled,turn,struck,licentious
head over heels (in love) idiom,cheesed off,lachrymose,lighthearted,flipping,ascared,blissful,knocked for six,taken,bad
endearing,snappy,frustrated,high-spirited,forthright,mousy,spirited,not know what sb sees in sb/sth idiom,gone,wrong
honored,angry,disgruntled,euphoric,enraptured,poltroon,wrapped,depressed,rhapsodic,red-handed
infatuated,snaky,heartsore,blissed out,self-complacent,anxious,joyous,enraged,sold,iniquitous
adorkable,brassed off,deflated,satisfying,cock-a-hoop,alarmed,honoured,unfavorable,touched,caught
adorable,fed up,weeping,delightful,carefree,unconfident,made up,loathe,fanatical,doomed
doting,turbulent,bereaved,blithesome,run,faint-hearted,beaming,contemptuously,hooked,exceptionable
personal,foaming,hurt,flipping,breezy,diffident,gleeful,civil,eat sleep and breathe,negligent
love lock,sulky,cast down,proud,paradisal,appalling,jocund,abominate,exhilarated,contritely
familiar,sullen,dark,bright,unperturbed,craven,splendid,detest,passionate,dismay
lose,vexed,broken,flying,carefree and untroubled,have cold feet,on top of the world idiom,stunned,inspired,unpaid
apple,umbrageous,broody,agreeable,perky,quivery,well pleased,like,inspirited,sackcloth
gone,chafed,sombre,breezy,cool,solicitous,overwhelmed,phobic,predisposed,lugubriousness
soft,hopping,out of sorts,gruntled,sunny side up,agitated,uppish,problem,roused,repugnant
have (got) it bad idiom,disgruntled,triste,chipper,thing,jumpy,imperious,how would you like...? idiom,rapt,objectionable
fancy,hopping mad,brooding,gala,zingy,nerveless,genial,petrified,elated,mournfulness
stuck,volatile,grieving,wrapped,debonair,spineless,brightness,go off sb/sth,avid,moroseness
lionised,ballistic,sad,chirpy,easy-going,nervy,be as high as a kite idiom,be no/little love lost between idiom,nosy-parker,to blame
way,het up,morbid,fulfilled,stress-free,tense,chirpy,perplexed,nebby,slack
cherish,foaming at the mouth,bad,up,insouciant,hesitant,sparkling,have it in for sb idiom,heavily into,transgressing
live for sth/sb,infuriate,in doldrums,light-hearted,blissed out,awful,dance,tire,amped,froward
sweep,black,deplorable,jaunty,inspirited,rabbity,million,jarred,jazzed,sick
hallowed,choked,brokenhearted,gratifying,affluent,timorous,thankful,chauvinistically,fasten,repentant
love sb to bits idiom,brooding,homesick,effervescent,upbeat,redoubtable,cheered,off,obsessive about,rowdy
worship,horn-mad,isolated,charmed,corybantic,formidable,jaunty,not go much on sth idiom,buzzed up,guiltiness
infatuation,waspish,lamentable,upbeat,sprightly,aflutter,rapturous,scary,prejudiced,melancholy
of choice,mardy,traumatized,popping,homelike,caitiff,blithesome,troubled,pointed,heavy
dear to your heart,affronted,broken-hearted,contented,sate,white-livered,exalted,confounded,sit up,thoughtless
fall,aggrieved,bittersweet,thankful,substantial,skittish,look/feel like a million dollars idiom,love,hungry for,careless
absence makes the heart grow fonder idiom,discontented,spiritless,in exaltation,gentle,shocking,illustrious,contempt,rhapsody,despicable
madly,enflamed,pained,joyously,bubbly,faint,exultantly,vote,infatuated with,depression
affectionate,seething,pessimistic,extremely amusing,laid-back,running scared,ASMR,turn (sb) against sb/sth,caught up in,in all conscience idiom
be stuck on sb/sth idiom,on the warpath,pitiful,at peace,perfected,yellow-bellied,sniffy,take against sb,perspicacious,bloodguilty
pash,jaundiced,abject,insouciant,composed,uneasy,loved up,dislike,undeterred,victimhood
worship the ground sb walks on idiom,acrimonious,hard,beatifically,attained,shell-shocked,self-aggrandizing,astounded,etc. noises idiom,black dog
particular,stormy,somber,on top,playful,disturbed,cant complain,disheartened,oblivious,reproachable
dearly loved,hateful,wounded,celestial,enlivening,in a dither,snooty,stand,busy with,grief
lovebirds,fierce,hangdog,dominant,captivated,shaky,proud of,hysteric,born-again,unruly
gaga,roiled,dispiriting,floating,pleasurable,weak-kneed,believe,much,taut,die of shame idiom
well-beloved,ticked,saddened,self-possessed,peaceful,sheepish,cheerfully,affrighted,sunk in,wayward
much loved,raving,grim,easy-going,beside oneself with happiness,phobic,be on cloud nine idiom,terrified,enthusiastic about,discreditable
adoring,offended,languishing,debonair,satiety,horror-struck,jump for joy idiom,down,absent,cry
feelings for sb idiom,browned off,lovesick,incandescent,expectant,ignoble,highfalutin,spooked,investigative,inculpative
moon over sb/sth,steamed up,displeased,oblivious,anticipative,perturbed,memorable,put,giddy,prick
boon,antagonized,choked,diverted,wrapped,in a tizz,swollen,cordially,-centric,broken heart
dotty,ranting,disheartened,be full of the joys of spring idiom,made good,enervated,swoon,time,taken over,demeritorious
close,smouldering,chagrined,glorying,commodious,panic,stately,disdainful,alight,heartache
sweetheart,galled,tragic,amusing,anticipant,hair-raising,valiant,mind,insightful,inadvertent
important,tumultuous,hapless,self-confident,devil-may-care,falsehearted,house-proud,do,excitedly,unorthodox
wonderful,in high dudgeon,dolorous,positive,good-humored,wimpy,merrily,cant be doing with sth idiom,hard at work,worse luck idiom
be soft on sb idiom,up in arms,harrowed,captivated,sportive,frenzied,flattered,allergic,fly,wrench
puppy love,venomous,lonely,idyllic,wild,tentative,jubilantly,disturbed,sweet on,lax
young love idiom,rankled,droopy,be walking/floating on air idiom,homy,soft,proud,put out,sniff at sth,melancholia
unloved,passionate,tragical,dreaming,appreciatory,queasy,overweening,terrorized,prying,mischievous
shine,pouty,shattered,frenzied,victorious,choked,rewarding,not take kindly to sth idiom,in knots idiom,gloom
significant,storming,lonesome,happy camper,eupeptic,shit,floating on air,scandalised,blissed out,misbehaving
favoured,miffed,discouraged,thrilled to bits idiom,perf,in a frenzy,as pleased as Punch,aghast,sedulous,unholy
love-struck,wound up,bitter,well-pleased,vivacious,paranoid,thrilled to bits idiom,misanthropic,obsessed with,reckless
care for sb,ferocious,rueful,fresh,improvident,taut,tickled pink,hate sbs guts idiom,single-minded about,failing
near to ones heart,berserk,despairing,slaphappy,in a good mood,alarming,too big for ones breeches,leave sb cold idiom,go ahead,dirty
honoured,wild,dissatisfied,perk,jocular,docile,appeased,shy,motivated,unjustifiable
cared for,smoldering,dispirited,zingy,on cloud seven,in fear and trepidation,jovial,fearful,galvanized,deserving of censure
endearment,riley,disillusioned,charming,entertained,jellyfish,lighthearted,horrified,piercing,remorse
indulged,embittered,down in the dumps,sunny side up,expecting,recessive,vain,contemptuous,taken up,off base
lose your heart to sb idiom,hacked off,sick,hopeful,welcome,worried sick,fond,kindly,enraptured,indefensible
doted on,at daggers drawn,tearful,festal,blown away,frit,fine,cup,Bible-thumping,tied
potty,fiery,bereft,tickled pink,hoping,quaking,reassured,have no time for sb idiom,aflutter,wish
respected,aggravated,troubled,frisky,sunny,reluctant,full,think,burning with curiosity,shame
confidential,tempestuous,distressing,unperturbed,uproarious,scared witless,rapt,none,bananas,neglectful
lucky,impassioned,gutted,fun-filled,life,abject,transport,have a problem with sth/sb idiom,enthused,pain
dottiness,peeved,dysphoric,sunbeamy,soothed,easily frightened,in high spirits,the knives are out idiom,rhapsodize,odious
crush,pissed off,unsmiling,interested,paradisiacal,pathetic,bright-eyed and bushy-tailed idiom,unnerved,active,irresponsible
adoration,as black as thunder,maudlin,like a dog with two tails,relieved,wishy-washy,bigheaded,deplore,heuristic,bound
lovely,teed off,down in dumps,easygoing,sedate,fright,ecstatic,not be sbs cup of tea idiom,lean,despondency
valuable,crazy,down in mouth,giddy,high-spirited,in terror of your life idiom,cheer (sb) up,perturbed,contributing,scandalous
aromantic,rancorous,distraught,soothed,joyful,unquiet,as happy as Larry,disdain,devoted,bitter
take a shine to sb idiom,rabid,dull,commodious,bouncing,humble,footloose,abhor,heartily,found wanting
intimate,pissed,disappointed,daffy,bright and breezy,ill at ease,boastful,see sth in sb/sth,partisan,defeatism
fortunate,waxy,depressing,kinetic,mirthful,bundle of nerves,exultant,vote sth down,bee,self-pity
appreciated,hot and bothered,plaintive,killingly funny,mad,suspecting,pleased with yourself idiom,put sb off (sth/sb),having a one-track mind,demoralization
exalted,extremely angry,moody,cheerily,full of beans,frozen,brilliant,averse,up to here,remorsefully
the way to a mans heart is through his stomach idiom,trenchant,upset,fascinated,intoxicated,confounded,bliss,frightened,omnivorous,reprovable
affection,disdainful,tristful,loved up,compassed,compliant,animated,leave,hell-bent,disaffection
well-loved,passional,dour,stoked,magical,easily scared,cloud,abide,obtrusive,lawbreaking
priceless,impetuous,dismayed,blithely,solaced,reserved,swaggering,dismayed,shook,desolation
adore,ill-humoured,demoralized,brisk,successful,frightened to death,ecstatically,blench,tautly,deviant
loving,crude,disenchanted,cool,pleasing,sissy,over the moon,terrorised,go-ahead,antisocial
esteemed,regretful,in the dumps,jocose,calm,flurried,blissfully,unfavourable,knot,legally responsible
head,troubled,hurting,carnival,blithe,awestruck,be in seventh heaven idiom,mortified,joyful,inexcusable
chosen,boot-faced,in grief,paradisal,sparky,het up,self-important,cant stand the sight of sb/sth idiom,enamoured,suffering
smitten,derogatory,contrite,caught up in,lax,impotent,contentedly,cut no ice with sb idiom,hotly,insufferable
the light of your life idiom,frigid,discountenanced,bold,moderate,sceptical,(as) pleased as Punch idiom,have,deep in thought,indifferent
valued,aroused,clinical,pleasure-seeking,thrilled,dazed,nostalgic,disgustedly,focussed,moody
sought after,bloodthirsty,angst-ridden,promising,tickled,worked up,festive,hate,deep,slough
best,thundery,hysterical,carefree,peppy,lacking self-confidence,gladly,ill will,gripped by,worse
great,rough,oppressed,mirthful,flowing,creeped out,epicurean,knife,anxious,hurt
ever-loving,unresponsive,rakish,riot,appreciative,having butterflies,cheer,horror-stricken,buried,hung up
sweep sb off their feet idiom,hypersensitive,excited,harmonious,unworried,unambitious,blithe,see,be all over it idiom,out of control
preferent,stirred up,unmitigable,frolic,doing handsprings,piss/shit your pants idiom,fiery,annoyed,enquiring,unworthy
fair-haired one,fit to be tied idiom,relentless,enlivening,flying,self-doubting,eustress,affronted,laborious,deplorable
desired,ebullient,vanquished,entertained,wild with excitement,unethical,relaxed,not have a civil word to say about sb idiom,raring,a heavy heart idiom
sun,biting,horrible,paradisiacal,encouraged,paper tiger,be dancing in the streets idiom,have a thing about sth/sb idiom,potty about,erratic
live,impolite,lacklustre,solaced,gay,dumbfounded,solaced,hysterical,engrossed in,rue
loveless,going ape,mean,knockabout,snug,goosey,vigorous,disdainfully,clocked up,sick to your stomach idiom
dearest,ranting and raving,hardhanded,good-time,proud,Milquetoast,tickled,upset,personal,deserving blame
fave,steamed up idiom,staid,nervy,unflagging,flinching,overproud,go,acute,glumness
romantically,unfulfilled,insecure,puffed up,full of vim and vigour,in a blue funk,jolly,cordial,heavily,lament
worth its weight in gold,dudgeon,lost momentum,occupied,funny,queeny,high-spirited,taken aback,interrogational,stray
light,terse,peed off,busy,good-humoured,zero,swollen-headed,disquieted,be flying high idiom,damned
memorable,off the air,troublesome,hilarious,cheered,down-to-earth,top,antipathetic,desirous,repentance
blessed,torrid,weepy,unthinking,at peace,mistrustful,soothed,unlike,tied-up,regretfully
romance,perfervid,sobersided,provocative,triumphalism,worst,crowing,alarmed,implicated,impeached
wished-for,abusive,close to tears,blown away,obtained,peaceful,sunny,horror-struck,ravished,peccant
white-haired,snubbed,long,welcome,elated,strained,venerated,tire of sth,thorough,badly behaved
venerated,delirious,drear,rollicksome,fat dumb and happy,embarrassed,euphorically,,have a bee in your bonnet idiom,defaultant
blue-eyed,venomously,uncherished,uplifted,in a frenzy of delight,horror-stricken,moon,,challenging,prick sbs conscience idiom
moon,sour,browned off,jokey,nicely,horror,gleefully,,searching,miscreant
romantic,indignantly,powerful,appreciatory,ecstatic,having a funny feeling,on cloud seven,,full-blooded,lamentation
absence,having short fuse,wintery,intoxicated,lackadaisical,frightened out of your wits,bittersweet,,caught up,guilt complex
highly valued,unfavorable,torn up,bouncing,in high spirits,unheroic,splendorous,,zealous,ruefully
much-loved,paroxysmal,foul,outgoing,full of pep,no guts,comfortable,,incisive,oscitant
doll face,melodramatic,amazed,bright and breezy,blissful,fear for sb/sth,bliss (sb) out,,meddlesome,mistaken
prized,unhappy,defenseless,chaffing,at home,jealous,felicitous,,hypnotised,heedless
care,hysterical,sour,very happy,irresponsible,scared out of ones wits,august,,presuming,bring a lump to/have a lump in your throat idiom
bad,maniac,sordid,joyful,reassured,on tenterhooks,beatific,,fasten on/upon sth,smoking gun
especial,seeing red,uninspired,passionate,rewarded,hysterical,be floating on air idiom,,extremely happy,dishonorable
fall for sb,snuffy,chilling,complacent,soft,shocked,breezily,,nosy,fear
revered,accidentally on purpose,agonising,entertaining,sanguine,false,as happy as a clam,,judicious,incorrect
serious,adversarial,pitiable,antic,cozy,uptight,triumphant,,passionate about,disregardful
relished,air-to-air,hung up,willful,free and easy,circumspect,complacent,,intermeddling,unpardonable
highly regarded,hyper,wish you had never been born idiom,treading on air,beside oneself with joy,toey,delightedly,,wholeheartedly,guilt trip
unforgettable,distracted,mirthless,uproarious,exuberant,flustered,chesty,,fanatically,difficult
best-liked,ticked off,lamenting,enamoured,jocund,pithless,high-and-mighty,,bustling,opprobrious
well thought of,foul,feeling friendless,seraphic,poised,terrorised,smug,,go into rhapsodies idiom,corrupt
uxorious,zealous,overwhelmed,spellbound,carried away,stiff,high,,on the go,devious
carry a torch for sb idiom,baleful,lacking in vitality,on cloud seven,bright-eyed and bushy-tailed,patient,comforted,,anxiety,impeachable
popular,sharply,exequial,heavenly,floating on air,afeared,revered,,full,contemptible
carry,crusty,funereal,jocular,relaxing,coward,sublime,,observant,guilty
lovey-dovey,ropeable,surly,spectacular,rest,appalled,mirthful,,thrilled,none
be gone on sb idiom,hung up,unfulfilled,active,winsome,panicked,cheerily,,scrutinising,conscience-smitten
liked,frustrated,telling,ravished,realized,unhealthy,radiant,,hail-fellow-well-met,straying
loved up,snide,dirge-like,clubbable,brought to a close,very scared,light-hearted,,ingenious,finable
be sweet on sb idiom,ballistical,unfavorable,fun-loving,in clover,none,stuck-up,,breathlessly,disobedient
endeared,out of control,in floods of tears,unconstrained,in seventh heaven,defecting,snotty,,ablaze,condemnable
dote on sb,grieving,darkening,flying high,facetious,incredulous,be over the moon idiom,,float sbs boat idiom,sadly
young,tremendous,anxious,full of life,actualized,wet,rejoicing,,absent-minded,shifting
love,perverse,wailing,springy,slow,lacking in confidence,happily,,taken with,repent
love my dog idiom,blunt,thoughtful,Panglossian,genial,paralysed with fear,brightly,,fact-finding,naughty
,inconsiderate,blah,swoon,achieved,erratic,satisfying,,addicted to,derelict
,cruel,catastrophic,risible,secure,constrained,exhilarated,,correct,heretic
,confrontational,base,comedic,anticipating,not confident,like a dog with two tails,,champ at the bit idiom,errant
,bummed out,ticked off,good-natured,thankful,blenching,seventh,,galvanised,shabby
,mortified,balked,buck,made up,frightened out of ones wits,chirpily,,make (all) the right,turn the clock back idiom
,flying,come-apart,filled with joy,slaphappy,quizzical,incandescent,,quickened,caught red-handed
,mordant,grey,be on cloud nine idiom,jolly,gutless,buck (sb/sth) up,,discriminating,contrary
,in a stew,discombobulated,spruce,smooth,unglued,beatitude,,nosey,cheerlessness
,in a flap,long-faced,comfortable,pleasant,lacking faith,gratifying,,over-curious,offensive
,low-spirited,dolefully,gregarious,gloatingly,possessive,impressive,,snooping,regrettable
,very excited,unsocial,in a good mood,homey,dishonorable,swelled,,besotted,transgressive
,boisterous,insignificant,full of vim and vigour,smugly,cringing,superb,,besotted with,deviating
,nervous,debauched,corybantic,homely,self-effacing,purse-proud,,involved in,sorrow
,catty,cruel,vivacious,jumping,doubting,appreciatory,,blissful,inculpatory
,vivid,feeling,good,quiet,trembling,proudly,,inquisitive,on ones head
,last-minute,mortified,laid-back,comical,cower,persnickety,,canny,obnoxious
,hopping mad idiom,searing,composed,world,wussy,joyfully,,turn sb on to sth,incriminated
,overcome with anger,unwanted,riotous,casual,unmasculine,buck,,carried away,errable
,at the boiling point,responsive,esteemed,placid,mean-spirited,be walking/floating on air idiom,,held,compunction
,sharp-worded,galling,full of fun,self-possessed,shaking like a leaf,cheerfulness,,dedicated to,caught in the act
,truculent,griefstricken,proactive,jumping for joy,overwrought,walk on air idiom,,working,lump
,scalp,heart-rending,sprightly,roomy,in a flat spin,insolent,,inquisitorial,inattentive
,swirling,nervous,beatitude,chirpy,vacillating,none,,hard-pressed,only
,stern,miserably,jubilantly,snappy,nervous wreck,relieved,,perceptive,lawless
,goaded,blues,jumping,lively,stunned,delirious,,eagerly,misguided
,overemotional,emotive,unworried,sated,inhibited,perkily,,daydreaming,remiss
,tumultous/tumultuous,worthless,full,restored,apprehensive about,egotistic,,exploratory,dejection
,exasperatedly,agonized,absent-minded,satisfaction,depressed,pacified,,monopolized,uncontrollable
,disillusioned,bewailing,cheer,blessed,terror-struck,shabby-genteel,,hung up on,mourning
,hostile,despondently,appreciative,cheerful,frail,happy camper,,enamored,woe
,disappointed,humorless,extremely happy,effortless,shivery,hifalutin,,protrusive,answerable
,snarly,colourless,magical,in transports of delight,manageable,jubilant,,exploring,be/weigh on your conscience idiom
,militant,impassioned,reassuring,possessed,sickened,conceited,,love-struck by,desperation
,peppery,taken down,peppy,like a child with a new toy,run scared,grand,,attached to,unreliable
,gung-ho,destroyed,joking,humorous,on edge,brighten,,content,rue the day idiom
,savage,sincere,off-the-wall,be on to a good thing idiom,unpresuming,self-aggrandising,,engaged with,conscience
,panicky,undermined,wild with excitement,cocksure,fearfully,great-hearted,,heart,distress
,adversative,traumatised,swinging,comic,upset,shining,,diligent,aberrant
,soured,degenerate,impish,saturnalian,tolerant,snot-nosed,,turned on,regret
,insatiable,funebrial,trim,gladsome,inadequate,esteemed,,riveted by,dissatisfaction
,derisory,dopey,flip,blithesome,negativistic,air,,devout,shameful
,down in the mouth,given to looking on the black side,bittersweet,rose-colored,highly strung,self-conceited,,beady-eyed,disgraceful
,awkward,beaten,sparky,boisterous,irresolute,vainglorious,,be wild about sth/sb idiom,sadness
,humourless,hinky,only too happy,easeful,browbeaten,tickled to death,,preoccupied,fallible
,in a lather,jackleg,be dancing in the streets idiom,grooving,pabulum,egotistical,,elevated,mourn
,cut up,blubbing,hysterically funny,living the life of Riley,self-conscious,great,,assiduous,subject
,rebellious,tough,cloud,doubtless,quake,jump,,attracted to,sting
,impatient,wrecked,enamored,smiling,unsure,on cloud nine,,effusively,devastation
,scunnered,darkness,laughable,turned on,epicene,immodest,,hog,despair
,throwing a fit,indecisive,spanking,comfy,leery,float,,none,unforgivable
,wigged out,suspicious,in rhapsodies,riotous,stupefied,blithely,,wondering,amenable
,adversary,intimidated,robustious,looking good,skittery,eminent,,research,turn
,testy,humourless,natty,full of hope,quiet,resplendent,,ecstatic,guilt
,weird,larmoyant,humoristic,bonny,cautious,rapturously,,mesmerised,troublesome
,oppressed,with a long face,lively,hilarious,mousey,red-letter,,utilized,wound
,disconcerted,weak,flippant,chipper,alarmed at,be full of the joys of spring idiom,,abstracted,loneliness
,harmed,aghast,propitious,hearty,obsessed,braggart,,unconscious,unhappiness
,stony,cut up,at ease,complacency,queazy,chipper,,buzzy,amiss
,hate-filled,agitated,honoured,rollicking,overanxious,gaily,,inclined,sinning
,cynical,down-in-the-mouth,cheered,thriving,scared out of your wits,gallant,,committed,heartbreak
,bellyaching,luckless,good-humoured,tranquil,resigned,beatifically,,distracted,Monday
,battling,bare,mettlesome,delirious with happiness,insecure,like a child with a new toy,,sensitive,misery
,tart,having blue devils,funny,spacious,limp-wristed,imposing,,meddling,obligated
,heavy,ruffled,wick,zappy,with ones heart in ones mouth,deliriously,,smitten with,contrition
,changeable,doomed,gladly,hopeful,womanish,noble,,employed,disreputable
,pissy,outcast,pleased with yourself idiom,assured,unsettled,nostalgically,,querying,faulty
,ornery,alone,determined,popping,disoriented,bragging,,spying,judged
,discourteous,fiery,in the twilight zone,larking,aw-shucks,blissed out,,intruding,miss
,unsympathetic,drooping,triumphalist,high,debilitated,self-respectful,,two-fisted,dishonourable
,snivelling,soul-stirring,bubbly,carried out,horrific,perky,,enchanted by,groan
,rattled,bothered,beguiled,bouncy,tricky,walk,,sifting,wistfulness
,hangry,adust,orgasmic,bucked,unassuming,pleased as punch,,intrigued by,off straight and narrow
,crackers,full of regret,in transports of pleasure,heartwarming,squeamish,consoled,,care,unrighteous
,irked,plangent,dashing,triumphant,weakling,braggy,,fanaticism,blundering
,distrait,beggarly,held,crank,deviant,breezy,,quick-witted,meandering
,all steamed up,cynical,inspired,as happy as a clam,brittle,grateful,,be glued to sth idiom,fineable
,miserable,agitating,full of pep,honored,treacherous,giddiness,,wound up,joylessness
,mean,irritated,in high spirits,Panglossian,stressy,not believe your luck idiom,,enrapt,penitential
,foggy,bellyaching,seventh,beatific,undecided,enraptured,,evangelical,survivor guilt
,sharp-tongued,perverse,roisterous,put into effect,scared stiff,joyously,,consumed,procrastinating
,uncontrollable,heavy,dynamic,crowned,skulking,,,turned-on,sentenced
,steam,resigned,fine,performed,frantic,,,mesmerized by,its no use crying over spilled milk idiom
,no-nonsense,unwelcome,involved,boon,terrorized,,,champ,(that) Monday morning feeling idiom
,bad-tempered,this vale of tears idiom,brash,jubilant,in a cold sweat,,,Socratic,unacceptable
,in a temper,devastated,in a frenzy of delight,well,flighty,,,full-on,discontent
,demonstrative,in low spirits,brightness,pacified,edgy,,,keenly,accountable
,needled,disconcerted,sociable,eathful,unpretentious,,,investigatory,wear sackcloth and ashes idiom
,bleak,inspirational,zestful,unexacting,horrified,,,eavesdropping,breastbeating
,accusatorial,snivelling,paradisiac,cheery,cagey,,,participating,buyers remorse
,despiteful,rattled,nutty,optimistic,orderly,,,sniff,void
,panic-stricken,deeply felt,paradisaic,assuaged,hung up,,,flushed with success idiom,unmanageable
,defeated,moist,sanguine,slap-happy,unstable,,,dotty about,wretchedness
,out of joint,irked,benign,orgasmic,restless,,,forward,gloominess
,scathing,born,presuming,without a care in the world,arrant,,,rave,ignoble
,militaristic,shaken,hypnotised,delighted,bullied,,,cross-examining,
,perplexed,stern,roused,rocking,in a fluster,,,investigating,
,ruffled,disastrous,feelgood,reveling,terrifying,,,transfixed,
,alienated,tender,innocent,exulting,plain,,,inquiring,
,arsey,desiccated,supple,nonchalant,poltroonish,,,deliriously,
,skirmishing,colorless,floating on air,certain,wondering,,,wholehearted,
,shocked,low in spirits,mesmerised,unflustered,trepidatious,,,too much on plate,
,chippy,unpromising,dreamy,grateful,uncertain,,,scrutinizing,
,bothered,improving,bright-eyed and bushy-tailed,complacently,beside oneself,,,interested,
,conflicting,obscure,amused,on top of the world,discouraged,,,captivated by,
,wrestling,bleak,carried away,consoled,basket case,,,gone on,
,cussed,full of sorrow,poised,wonderful,spine-chilling,,,hearty,
,discombobulated,atrocious,exuberant,unruffled,forceless,,,wrapped up,
,steamy,blubbery,bantering,of good cheer,awe-struck,,,poking,
,broody,defeated,gushing,looking forward to,meek,,,officious,
,uncivil,eloquent,free and easy,felicitous,in a state,,,ardent,
,liverish,het up,be floating on air idiom,entranced,in a funk,,,pop-eyed,
,implacable,disgraceful,assuaged,collected,girlish,,,nuts about,
,petulant,unfortunate,full of hope,self-fulfilled,yielding,,,fervent,
,unstable,troubling,moon,intimate,neurotic,,,researching,
,weltering,missing,spry,this is the life! idiom,withdrawn,,,interested in,
,grumbling,desolately,scintillating,cosy,fluttery,,,absorbed in,
,edgy,unmoved,pleasant,realised,perplexed,,,bent on,
,surface-to-air,sbs heart is in his/her boots idiom,on cloud nine,as happy as a sandboy,aberrant,,,wrapped,
,ill-used,fierce,out front,easy,in a sweat,,,stirred,
,furiously,shocked,full of zip,providential,candy-assed,,,strain,
,damp,overcast,side-splitting,cared for,lacking confidence,,,fond of,
,snarling,with cold feet,good-humored,honoured,guarded,,,zestfully,
,harried,puny,delicious,cheering,effeminate,,,on the job,
,worked up,sinister,genial,joyous,reverent,,,head over heels,
,frightened,emotionally moving,jump,sober,dastard,,,hypnotized by,
,gruff,unsavory,interesting,lightsome,weak-willed,,,sent,
,put out,ashamed,too funny for words,spirited,costive,,,be straining at the leash idiom,
,cast iron,black,ludic,exhilarated,boneless,,,inquisitory,
,hectic,bruised,cavorting,unhurried,aroused,,,industrious,
,detonative,racked,million,on a high,without a will of your own,,,immersed in,
,glum,despicable,elevated,effervescent,dubious,,,over-interested,
,intense,desolated,unruly,rejoicing,traumatised,,,zealously,
,bellicose,in sorrow,set up,cheerly,forbidding,,,of a mind to,
,soreheaded,with no one to turn to,abstracted,hushed,lamblike,,,speculative,
,worried,daunting,stirring,good-natured,traumatized,,,flutter,
,overcast,savage,champion,light-hearted,bothered,,,voraciously,
,salty,enriching,as merry as a grig,alert,longanimous,,,submerged,
,risky,apologetic,cheering,concluded,in a tizzy,,,all ears,
,wounded,plutonian,in transports,charmed,shit a brick idiom,,,go hog wild idiom,
,ennuied,blubbering,comforting,languid,Delphic,,,hopping,
,cutting,bland,unmarred,rosy,angsty,,,overheated,
,jealous,libertine,mesmerized,leisured,obsessive,,,turn,
,grieved,threnodic,thumping,in raptures,peaceable,,,beguiled,
,spunky,dampened,hypnotized,euphoric,unpoised,,,locked in,
,tilting,institutional,devilish,protected,rattled,,,buzz,
,ungratified,overcome,believing,delightful,lame,,,peering,
,fevered,sorry for oneself,shining,wigged out,nothing,,,delighted,
,at the end of your tether,suicidal,comical,untroubled,overstrung,,,float,
,malevolent,haunting,dignified,zippy,shaking in ones shoes,,,partial,
,corybantic,cloudy,rowdy,venerated,wary,,,passionately,
,shaken,doubtful,victorious,crowing,unnerved,,,geek,
,double-edged,hopeless,extrovert,on cloud nine,numb,,,piqued,
,in a wax,repentant,affable,enthusiastic,demure,,,all,
,in a towering rage,let-down,effusive,accomplished,cowering,,,pushy,
,stroppy,inferior,preoccupied,heedless,unbelieving,,,tampering,
,murder,sorry for yourself,blessed,comforted,clutched,,,intuitive,
,alien,disquieting,cordial,blithely unconcerned,cynical,,,busy,
,blue in the face,stiff,sparkly,without care,on thin ice,,,biased,
,angrily,squalid,loud,lighthearted,antsy,,,anxiously,
,hoha,petty,exultantly,up,untrue,,,rapturous,
,warring,supplicating,saturnalian,like a dog with two tails,ashamed,,,gag,
,virulent,insipid,comic,glad,indecisive,,,inspective,
,scintillating,put off,irrepressible,enjoyable,daunted,,,intrusive,
,annoying,cheesed off,humorous,as pleased as Punch,milk-and-water,,,concentrating,
,fulminating,wet,willing,virtuously,incompetent,,,heady,
,ungracious,unbefriended,spaced-out,rhapsodic,cowardly,,,be in the mood (for sth/to do sth) idiom,
,frightening,destitute,ripping,pride,discomposed,,,(as) keen as mustard idiom,
,warpath,traumatic,like a child with a new toy,glass half full,suspicious,,,market,
,unappeased,dump,possessed,good,sneaking,,,inattentive,
,amused,guilty,jump for joy idiom,in good spirits,afeard,,,rushed off your feet,
,huff,feeble,groovy,reckless,distrustful,,,in harness,
,snippy,significant,scream,vigorous,hinky,,,taken up with,
,dishonoured,teed off,very pleased,boastful,awed,,,dedicated,
,excitable,singing the blues,in transports of delight,bright,fear,,,spirited,
,quick-tempered,sneaking,as happy as a clam,relaxed,face,,,analytical,
,storm-wracked,tenebrous,impetuous,satiation,lacking assurance,,,nuts,
,all shook up,discontented,rose-colored,excited,passive,,,enthralled by,
,taciturn,excruciating,boisterous,hysterical,coy,,,engaged in,
,dirty,morosely,employed,undisturbed,sissified,,,hypnotized,
,moping,tormenting,facetious,walking on air,numb with fear,,,single-minded,
,charged,heart-warming,jazzy,pacific,unconvinced,,,energetic,
,skittish,alarmed,ecstatically,revelling,windy,,,clever,
,easily frightened,uneasy,in seventh heaven,consummated,distressed,,,effusive,
,unglued,worried,jumping for joy,festive,wimpish,,,studious,
,mettlesome,shaky,eupeptic,prideful,unobtrusive,,,be heavily into sth idiom,
,acrid,in the pits,comforted,reposeful,spasmodic,,,edge,
,short-fused,commiserative,sidesplitting,over the moon,questioning,,,penetrating,
,malign,taciturn,snappy,rip-roaring,disordered,,,fixated by,
,in a filthy temper,moping,out,at rest,unassured,,,monopolised,
,acidulous,worsted,turned on,keeping the faith,biting nails,,,sit,
,raw,sapped,smiling,serene,having stage fright,,,catechistic,
,pungent,unpleasing,gladdening,swaggering,ineffectual,,,overzealous,
,uncooperative,suffering,distracting,animated,cringey,,,dotty,
,uneasy,vexatious,grooving,roseate,reticent,,,geek out,
,dogged,sort,buoyant,job satisfaction,sookie,,,fixed,
,at your wits end,ugly,appeased,spontaneous,effete,,,euphoric,
,squally,flat,encouraging,exultant,stressed,,,mood,
,discomfited,musing,nostalgic,feckless,worthless,,,earnest,
,unsmiling,useless,pushy,effectuated,touch and go,,,up to here in,
,high-spirited,uptight,ethereal,as happy as Larry,up in the air,,,wild,
,melancholic,afflictive,glorious,rest on your laurels idiom,distraught,,,activist,
,gloomy,greeting,rollicking,radiant,long-suffering,,,intent on,
,blood-and-guts,soulful,forward,glowing,perfidious,,,bated,
,stormily,grievous,brightly,restful,dishonourable,,,fevered,
,airborne,uplifting,wrapped up,fantastic,modest,,,mesmerized,
,abrupt,dejectedly,perfect,confident,having reservations,,,questioning,
,overwrought,sunless,witty,content,in a flap,,,zestful,
,moody,crushed,hearty,enchanted,affrighted,,,evangelistic,
,dismayed,merciful,feastful,free-minded,headlight,,,high doh,
,disenchanted,low-down,delirious with happiness,blest,panic-struck,,,wild about,
,mopey,vale,bonny,rapt,insignificant,,,preoccupied by,
,loudmouthed,happy,in ecstasy,fluent,dismayed,,,up,
,ready to fight,dejecting,uplifting,happy-go-lucky,abnormal,,,astute,
,blue,chapfallen,bright-eyed and bushy-tailed idiom,full of the joys of spring,fearful,,,gung-ho,
,upset,horrified,elastic,jaunty,scared to death,,,avidly,
,blowing a gasket,be cut up idiom,happy as a clam,beaming,invertebrate,,,utilised,
,easily offended,onerous,beside oneself with happiness,sheltered,inefficient,,,dying to know,
,unwilling,unglued,deliriously,jovial,retiring,,,charmed,
,ungentle,penitent,tranquil,trustful,revolted,,,glue,
,maleficent,heavy with grief,fervent,smugness,unprincipled,,,connected,
,picky,with tears in your eyes,boon,heartening,niddering,,,busybody,
,depressed,indigent,euphorically,ebullient,weak,,,interviewing,
,excited,browbeaten,honored,measured,horrifying,,,on the hop,
,malicious,mopey,friendly,leisurely,intimidated by,,,sbs heart/mind/pulse races idiom,
,despondent,inadequate,crank,mild,ineffective,,,keyed up,
,complaining,lowered,chucklesome,effected,namby-pamby,,,desiring,
,have had it (up to here) with idiom,feeling down,triumphant,emboldened,wavering,,,ambitious,
,blazing,demoralising,heartwarming,settled,mean,,,up to your ears,
,rude,painful,bucked,gloat,lowly,,,fiend for,
,spleenful,miffed,joshing,trusting,faithless,,,possessed by,
,discontentedly,sunk,vivid,feel-good,mouselike,,,pumped,
,histrionic,caved-in,vital,have a good run for your money idiom,inconstant,,,fixated,
,inhospitable,in disorder,smug,canty,hyper,,,willing,
,murky,without friends,cheerfulness,flattered,hysteric,,,nosy-parkering,
,snappily,in a stew,lightsome,sure,disheartened,,,devoted to,
,p.o.d,sagging,larking,bullish,cowhearted,,,analytic,
,cold,nostalgic,companionable,laughing,feminine,,,interrogative,
,swivel-eyed,shell-shocked,casual,starry-eyed,easily agitated,,,bewitched,
,apprehensive,wishful,Pickwickian,entertaining,effeminate cockney,,,outward-looking,
,madding,forsaken,gone,peart,restrained,,,bugged,
,vindictive,calamitous,sent,rhapsodical,submissive,,,hooked on,
,red-hot,mopy,of good cheer,transported,atwitter,,,stuck on,
,bent out of shape,sorrowfully,convivial,wowed,excitable,,,keen on,
,ready to be tied,gone to pieces,amiable,finished,careful,,,big-eyed,
,thrown,slothful,without a care in the world,executed,quail,,,enthralled,
,abrasive,concerned,sedate,tickled to death,troubled,,,smart,
,discountenanced,beat-down,relieved,unconcerned,have a horror of sth idiom,,,sharp,
,dishonored,in a reverie,triumphal,triumphalist,milk-livered,,,voracious,
,be not amused idiom,muddled,tumultuous,satiate,introverted,,,preoccupied with,
,warm,in a tizzy,prizewinning,esteemed,mim,,,cock-a-hoop,
,destructive,yucky,optimistic,at one with the world idiom,apostate,,,wild on,
,unfriendly,shot down,be over the moon idiom,convivial,manic,,,snoopy,
,viperous,commiserable,cherubic,gleeful,been hit before,,,hopped up,
,hot-blooded,tortured,angelic,chuffed,dithery,,,quizzical,
,deranged,sore,full of beans,smiley,spiritless,,,your heart skips/misses a beat idiom,
,envious,choke,gripped,delirious,in doubt,,,entertained,
,fretful,falling apart,vigorous,dispatched,intimidating,,,faithful,
,harassed,unpopular,brighten,warm,fickle,,,pushing,
,unscrewed,harassed,glass half full,hospitable,blanched,,,intense,
,gusty,yearning,confident,rapturous,having kittens,,,in a flutter idiom,
,fizzing,prostrated,priceless,undemanding,butterflies,,,probing,
,keen,histrionic,ASMR,paradisaical,pansy-like,,,enthusiastically,
,easily agitated,inhospitable,romping,dignified,vague,,,all wound up,
,joyless,murky,exciting,sparkling,unfaithful,,,discerning,
,burning with excitement,cold,nostalgically,flushed,feeble,,,puzzled,
,aloof,lifeless,grateful,rested,fidgety,,,tied up,
,full of dislike,elevating,zesty,frolicsome,skeptical,,,partial to,
,happy,apprehensive,unruffled,overjoyed,characterless,,,immersed,
,glowing,cast-down,wonderful,overwhelmed,fretful,,,eager for,
,snappish,on the verge of tears,gut-busting,airy,feart,,,lost,
,miffy,lousy,pleased as punch,well pleased,bottle,,,disquisitive,
,boiling over,unamused,on a high,grinning,subdued,,,go-getting,
,kick,languid,on top of the world,light,trustless,,,enchanted,
,cavilling,sob story,as pleased as Punch,fun,forbearing,,,race,
,riotous,fatalistic,unflustered,completed,vile,,,beguiled by,
,contrary,fussiness,rocking,jocose,degrading,,,star-struck,
,muddled,chap-fallen,very funny,rousing,capricious,,,presumptuous,
,in a tizzy,butthurt,not believe your luck idiom,paradisaic,chicken-livered,,,aflame,
,crook,offended,intent,cant complain,having the willies,,,fond,
,hyperactive,in a funk,riveted,revered,hanging by thread,,,orientated,
,steely,as sick as a parrot,backslapping,none,offensive,,,seduced,
,incisive,unconsolable,nonchalant,merry,disbelieving,,,animated,
,unhinged,heartening,exulting,paradisiac,in awe,,,be as high as a kite idiom,
,bad,poverty-stricken,reveling,,fear the worst idiom,,,twitterpated by,
,acute,ill-humoured,absent,,untrusting,,,examining,
,avid,edgy,breezily,,concerned,,,dizzy,
,boiling mad,plagued,believe,,shamefaced,,,wrapped up in,
,sardonic,easily moved,crazy,,milksoppish,,,mad about,
,bent,yukky,decorated,,fixated,,,psyched,
,raspy,reflective,racy,,shaken,,,there is no holding sb (back) idiom,
,scornful,guilt-ridden,exhilarated,,repelled,,,overexcited,
,easily upset,sadly,in paradise,,weakened,,,influential,
,crossly,godforsaken,taken,,gentle,,,smitten,
,vitriolic,encouraging,providential,,doubtful,,,impertinent,
,in a mood,gut-wrenching,easy,,high-strung,,,fascinated by,
,snarky,bummed,as happy as a sandboy,,compulsive,,,all of a flutter idiom,
,satiric,woful,buck (sb/sth) up,,unassertive,,,rhapsodical,
,mopy,flustered,happily,,tame,,,lean towards sth,
,stinging,lovelorn,volatile,,wired,,,crazy about,
,fulminant,cowering,laughter-filled,,deferential,,,queer,
,humorless,hurtful,heady,,lacking courage,,,transported,
,kvetching,jumpy,self-assertive,,base,,,happy,
,combative,depraved,rambunctious,,agog,,,in love with,
,pained,deep,joyfully,,backward,,,noise,
,ill at ease,antsy,delectable,,uncomfortable,,,enamoured of,
,hurt,profound,lots of laughs,,chary,,,stoked,
,insulted,poker-faced,winsome,,pigeon-hearted,,,dialed in,
,peckish,dismally,sober,,scared rigid,,,kid,
,breezy,dreich,daydreaming,,twitchy,,,infatuated,
,shook up,by yourself,cheerly,,be like a deer/rabbit caught in the headlights idiom,,,subtle,
,nutty,grousing,overexcited,,touchy,,,struck on,
,disapproving of,severe,cheerfully,,insufficient,,,hands-on,
,gnashing ones teeth,uncared-for,absorbed,,traitorous,,,dutiful,
,resentfully,icky,resilient,,oversensitive,,,inspecting,
,on a short fuse,lacking in enthusiasm,alert,,tremendous,,,peeping,
,rousted,aflutter,pure,,not self-assured,,,bewitched by,
,warmongering,brassed off,carnivalesque,,lenient,,,focused on,
,downhearted,wishy-washy,hushed,,foreboding,,,allured,
,in a flat spin,wretchedness,rejoicing,,bottle out,,,prurient,
,vehement,ailing,spirited,,low,,,at work,
,out of countenance,overcome with sorrow,daring,,cowed,,,hung up,
,narked,wistfully,energetic,,terror,,,beside oneself,
,negative,schmaltzy,inspirited,,irrational,,,undercover,
,at end of ones rope,afraid,zappy,,pigeonhearted,,,follow,
,restless,shoddy,well,,excited,,,flushed,
,freaked out,unwholesome,exhilarating,,abashed,,,focused,
,disrespected,rigorous,swashbuckling,,bricking oneself,,,doubtful,
,out of humour,inspiring,saintly,,deceitful,,,overwhelmed,
,rainy,in blue funk,pizzazzy,,dreaded,,,tautness,
,hurtful,murderous,ludicrous,,distrusting,,,hard at it,
,wounding,dolorific,warming,,shuddering,,,on the edge of your seat idiom,
,with all guns blazing,poignant,unconscious,,show-me,,,on the trot,
,jumpy,doubting,go-go,,chicken-hearted,,,be nuts about sth/sb idiom,
,impulsive,thrown,crowing,,in a panic,,,dreaming,
,hard,baulked,gaily,,having cold feet,,,really into,
,dissident,mawkish,venerated,,angst-ridden,,,crazed,
,antsy,dingy,zippy,,startled,,,monomaniacal,
,critical,in a blue funk,untroubled,,amoebalike,,,hold,
,in a bate,aching,animate,,spooked,,,trenchant,
,grousing,put out,waggish,,pants,,,charmed by,
,forceful,distasteful,canty,,unforthcoming,,,tempted,
,unreasonable,all torn up,collected,,disloyal,,,interfering,
,grudge-bearing,unfavourable,feeling ones oats,,serene,,,,
,surly,inanimate,float,,disgusted,,,,
,bluff,depressive,diverting,,maladjusted,,,,
,stir-crazy,compunctious,bliss (sb) out,,pushing the panic button,,,,
,smart-aleck,defenceless,entranced,,lacking trust,,,,
,persecuted,submissive,felicitous,,mild,,,,
,cataclysmic,negative,rapturously,,acquiescent,,,,
,horrid,sick at heart idiom,in a frenzy,,bashful,,,,
,defamatory,down-in-mouth,enthralled,,half-hearted,,,,
,intimidating,corrupt,enthusiastic,,,,,,
,crabby,dystopia,top,,,,,,
,doing your nut,bemoaning,rib-tickling,,,,,,
,touchy,remorseless,transport,,,,,,
,in a rage,homeless,killing,,,,,,
,twitchy,howling,look/feel like a million dollars idiom,,,,,,
,unmannerly,woe is me idiom,rosy,,,,,,
,uncomfortable,elegiacal,rhapsodic,,,,,,
,not best pleased,crabby,on top of the world idiom,,,,,,
,in a state,limp,conversable,,,,,,
,mercurial,contused,wigged out,,,,,,
,crazed,fussy,holiday,,,,,,
,crabbed,careworn,bewitched,,,,,,
,brusque,atrabilious,in the lead,,,,,,
,grim,shook,colourful,,,,,,
,religious,verklempt,eager,,,,,,
,high-strung,unmanned,mad,,,,,,
,volatility,uncomfortable,as lively as a grig,,,,,,
,emotional,in a state,walk on air idiom,,,,,,
,contentious,tragicomic,redeeming,,,,,,
,unforgiving,heartfelt,Christmassy,,,,,,
,boiling,horrid,laid back,,,,,,
,raving mad,crabbed,devil-may-care,,,,,,
,coarse,dreaming,bubbling over,,,,,,
,sick,tame,rumbustious,,,,,,
,coming down,comfortless,cocky,,,,,,
,pernicious,meagre,relaxed,,,,,,
,insane,without companions,in raptures,,,,,,
,sharp-tempered,defeatist,showy,,,,,,
,overactive,harrowing,vibrant,,,,,,
,keyed up,emotional,loony,,,,,,
,oppugning,debased,deliriously happy,,,,,,
,pugnacious,in the toilet,pumped,,,,,,
,somber,queasy,hysterical,,,,,,
,rugged,annoyed,reckless,,,,,,
,evil-intentioned,persecuted,raucous,,,,,,
,downcast,cowed,in good spirits,,,,,,
,unnerved,ill at ease,athrill,,,,,,
,rage,in pain,measured,,,,,,
,detonating,indifferent,ebullient,,,,,,
,dismal,anaemic,(as) pleased as Punch idiom,,,,,,
,assaultive,beefing,hopped up,,,,,,
,consequential,unconcerned,excited,,,,,,
,broken up,unnerved,walking on air,,,,,,
,antagonistic,great,free,,,,,,
,ratty,bowed,uninhibited,,,,,,
,flaming mad,wintry,blissfully happy,,,,,,
,afflicted,lame,dapper,,,,,,
,out of place,brutal,consoled,,,,,,
,foreboding,loose,stimulated,,,,,,
,forbidding,cross,smart,,,,,,
,scratchy,have the blues idiom,rip-roaring,,,,,,
,discordant,execrable,over the moon,,,,,,
,short,detestable,venturesome,,,,,,
,agitable,solitary,prideful,,,,,,
,having kittens,feel-bad,pacific,,,,,,
,vigorous,reprobate,beautiful,,,,,,
,as cross as two sticks,afflicted,contentedly,,,,,,
,huffish,whimpering,prankish,,,,,,
,curt,impoverished,proudly,,,,,,
,nursing a grudge,foreboding,pizazzy,,,,,,
,manic,rotten,revelling,,,,,,
,embarrassed,touching,epicurean,,,,,,
,estranged,in sackcloth and ashes,alive and kicking,,,,,,
,mumpish,forbidding,inattentive,,,,,,
,opposing,without energy,boastful,,,,,,
,cheerless,unlovely,lucky,,,,,,
,out of sorts,glowering,peaceful,,,,,,
,churlish,arousing,footloose,,,,,,
,atwitter,warming,frothy,,,,,,
,saddened,rough,glowing,,,,,,
,unpropitious,churlish,noisy,,,,,,
,hacked,spooked,engrossed,,,,,,
,short-tempered,atwitter,holy,,,,,,
,energetic,hollow,radiant,,,,,,
,contemptuous,glumly,as happy as Larry,,,,,,
,disheartened,zero,looking good,,,,,,
,hysteric,imploring,cheer (sb) up,,,,,,
,agitated,discouraging,beside oneself with joy,,,,,,
,disaffected,disaffected,blissfully,,,,,,
,menacing,devitalized,wild,,,,,,
,griping,self-reproachful,sportive,,,,,,
,grouchy,upsetting,eustress,,,,,,
,flinty,repining,gleefully,,,,,,
,blowing ones top,not happy,a scream,,,,,,
,opposed,repine,can-do,,,,,,
,bursting,spineless,fantastic,,,,,,
,sombre,unenthused,in heaven,,,,,,
,sarcastic,shamefaced,bubbling,,,,,,
,uncongenial,unrelenting,ardent,,,,,,
,animated,threnodial,fond,,,,,,
,unbridled,intense,beaming,,,,,,
,fretting,be in bits idiom,full of the joys of spring,,,,,,
,anguished,bearish,happy-go-lucky,,,,,,
,sharp,downbeat,pleasantly surprised,,,,,,
,smoking,desolating,reassured,,,,,,
,tense,cheap,walk,,,,,,
,crestfallen,unsavoury,rapt,,,,,,
,raging mad,offensive,blest,,,,,,
,convulsive,angered,agitated,,,,,,
,unappeasable,down-hearted,perkily,,,,,,
,disgusted,derisible,enchanted,,,,,,
,boorish,uncongenial,back-slapping,,,,,,
,green-eyed,compassionate,go-getting,,,,,,
,blazing mad,ruthful,keen,,,,,,
,bugged,anguished,giddiness,,,,,,
,in a bad mood,smart,happy as a lark,,,,,,
,flaming,tense,hysteric,,,,,,
,wrothful,displeasing,serene,,,,,,
,pettish,no-nonsense,turned-on,,,,,,
,grumpy,draggy,swaggering,,,,,,
,uncompromising,estranged,feel-good,,,,,,
,sorehead,bugged,celebrating,,,,,,
,obstinate,teary,flattered,,,,,,
,overheated,in despair,gloating,,,,,,
,fractious,abashed,impudent,,,,,,
,confused,inspirative,starry-eyed,,,,,,
,scandalised,unable to be comforted,auspicious,,,,,,
,hammer-and-tongs,beseeching,engaged,,,,,,
,like a fish out of water,dithery,careless,,,,,,
,windy,Cimmerian,pert,,,,,,
,unreceptive,scungy,bullish,,,,,,
,spiteful,drab,aroused,,,,,,
,martial,embarrassed,lusty,,,,,,
,chill,watery,juiced up,,,,,,
,frowning,paltry,rakish,,,,,,
,amorous,affecting,sporty,,,,,,
,out of humor,be out of sorts idiom,in transports of joy,,,,,,
,blown a gasket,chill,psyched,,,,,,
,unzipped,furtive,smiley,,,,,,
,oppositional,in distress,soul-stirring,,,,,,
,like a bear with a sore head,conscience-stricken,laughing,,,,,,
,reproachful,distrustful,animated,,,,,,
,in a tizz,dissipated,playful,,,,,,
,acerb,frowning,air,,,,,,
,malcontent,small,spunky,,,,,,
,enthusiastic,mope,gladdened,,,,,,
,powerful,derisory,unconcerned,,,,,,
,blowy,hard-hearted,tickled to death,,,,,,
,sorrowful,blue funk,in ecstasies,,,,,,
,bumpy,ominous,great,,,,,,
,solemn,dourly,screaming,,,,,,
,roused,teary-eyed,delightedly,,,,,,
,out of temper,tragicomical,jollying,,,,,,
,unsatisfied,flat tire,wowed,,,,,,
,shrewish,tear-jerking,sublime,,,,,,
,roily,slushy,be in seventh heaven idiom,,,,,,
,hard done by,dourness,heart-warming,,,,,,
,disapproving,dissolute,fired up,,,,,,
,effusive,at,rhapsodical,,,,,,
,opposite,torturous,peart,,,,,,
,choppy,unzipped,dance,,,,,,
,all-out,downtrodden,farcical,,,,,,
,resistant,sobbing,cock-a-hoop,,,,,,
,ill-natured,clouded,invigorated,,,,,,
,severe,longing for home,hung up,,,,,,
,hacked (off),down and out,unrestrained,,,,,,
,low,Eeyorish,chirpily,,,,,,
,spirited,choke up,flushed,,,,,,
,disordered,unsatisfied,sparkling,,,,,,
,scandalized,stunning,bouncy,,,,,,
,vengeful,instigative,paradisaical,,,,,,
,at wits end,anemic,gallant,,,,,,
,warm-blooded,perturbed,engaging,,,,,,
,raining cats and dogs,ripped,warm,,,,,,
,stormful,longing,dizzy,,,,,,
,exacerbated,dire,enrapt,,,,,,
,tetchy,the doldrums,content,,,,,,
,ominous,funk,aglow,,,,,,
,astringent,weary,paradisical,,,,,,
,tremulous,dreary,gamesome,,,,,,
,beside yourself,trying,bliss,,,,,,
,inconsolable,self-pitying,be as high as a kite idiom,,,,,,
,narky,cheerful,roseate,,,,,,
,unmanageable,cheering,frolicsome,,,,,,
,hazardous,rejected,colorful,,,,,,
,curmudgeonly,solemn,overwhelmed,,,,,,
,corrosive,acheronian,airy,,,,,,
,squint-eyed,distressful,merrily,,,,,,
,laconic,funeral,none,,,,,,
,sourpussed,sorrowing,revered,,,,,,
,allergic,bawling,cant complain,,,,,,
,ablaze,misanthropic,ridiculous,,,,,,
,fraught,confused,celebratory,,,,,,
,bilious,misty-eyed,frivolous,,,,,,
,burning,ruthless,rousing,,,,,,
,humiliated,hankering,placid,,,,,,
,aerated,in the doldrums,hell-raising,,,,,,
,invidious,humiliated,a hoot,,,,,,
,withdrawn,companionless,fun,,,,,,
,heatedly,annoying,droll,,,,,,
,neurotic,rakehell,light,,,,,,
,unsociable,deathlike,grinning,,,,,,
,in a funk,demoralizing,divine,,,,,,
,off,withdrawn,well pleased,,,,,,
,thin-skinned,deathly,feastly,,,,,,
,louring,affected,,,,,,,
,thunderous,lackluster,,,,,,,
,discontent,off,,,,,,,
,mopish,meek,,,,,,,
,ardent,have the blahs,,,,,,,
,hot under collar,dragging,,,,,,,
,hot-tempered,grumpy,,,,,,,
,slighted,po-faced,,,,,,,
,wronged,agonised,,,,,,,
,bad tempered,heart-wrenching,,,,,,,
,unceremonious,disappointedly,,,,,,,
,bang-bang,contemplative,,,,,,,
,unindulgent,daunted,,,,,,,
,sabre-rattling,aggrieved,,,,,,,
,up the wall,without hope,,,,,,,
,smart-mouthed,melting,,,,,,,
,under arms,bleeding,,,,,,,
,wrath,afflicting,,,,,,,
,having a fit of the sulks,bummed-out,,,,,,,
,fed up to the back teeth idiom,oppressive,,,,,,,
,perturbed,heartwarming,,,,,,,
,covetous,fervid,,,,,,,
,strained,stirred,,,,,,,
,kittle,broken up,,,,,,,
,feisty,inconsolably,,,,,,,
,distraught,uninspiring,,,,,,,
,stimulated,up the creek,,,,,,,
,discomposed,heart-sick,,,,,,,
,inclement,long-suffering,,,,,,,
,fervid,overemotional,,,,,,,
,roaring,discomposed,,,,,,,
,glowering,fervent,,,,,,,
,fit to be tied,cowardly,,,,,,,
,distressed,merciless,,,,,,,
,acidic,disheartening,,,,,,,
,hottempered,abandoned,,,,,,,
,aggressive,dirgelike,,,,,,,
,frenetic,ardent,,,,,,,
,full-on,mopish,,,,,,,
,at boiling point,discontent,,,,,,,
,malcontented,Stygian,,,,,,,
,victimized,dry,,,,,,,
,snitty,forgotten,,,,,,,
,wet,let down,,,,,,,
,lively,remorseful,,,,,,,
,nasty,dim,,,,,,,
,dissenting,guilty-looking,,,,,,,
,falling apart,impersonal,,,,,,,
,spazzed out,regrettable,,,,,,,
,inimical,elegiac,,,,,,,
,self-conscious,dog,,,,,,,
,tormented,sulky,,,,,,,
,unpredictable,sunk in gloom,,,,,,,
,very angry,heartrending,,,,,,,
,cranky,piteous,,,,,,,
,disputatious,lacking in confidence,,,,,,,
,revengeful,nasty,,,,,,,
,in a paddy,vexed,,,,,,,
,oversensitive,full of gloom,,,,,,,
,offhand,inauspicious,,,,,,,
,white-hot,psyched out,,,,,,,
,disquieted,stony-faced,,,,,,,
,antipathetic,oversentimental,,,,,,,
,fretted,tormented,,,,,,,
,uncontrolled,feel hard done-by idiom,,,,,,,
,had,sympathetic,,,,,,,
,malefic,heartbreaking,,,,,,,
,inconvenienced,cranky,,,,,,,
,put-out,sick as a parrot,,,,,,,
,faultfinding,mournfully,,,,,,,
,desperate,meaningful,,,,,,,
,unpleased,beat,,,,,,,
,unkind,a long face idiom,,,,,,,
,tooshie,mind-blowing,,,,,,,
,wicked,terrible,,,,,,,
,satirical,cantankerous,,,,,,,
,whingy,unpleasant,,,,,,,
,crabbing,irresolute,,,,,,,
,in a cold sweat,gutless,,,,,,,
,disputative,sourpuss,,,,,,,
,weighty,be down in the mouth idiom,,,,,,,
,frantic,apathetic,,,,,,,
,malignant,vapid,,,,,,,
,spare,unlucky,,,,,,,
,acrimoniously,desperate,,,,,,,
,acid,fed up,,,,,,,
,captious,racked with pain,,,,,,,
,violent,weakened,,,,,,,
,mad as a hornet,without a friend in the world,,,,,,,
,alarmed,disenchanting,,,,,,,
,cantankerous,forlornly,,,,,,,
,unpleasant,in a bad way,,,,,,,
,in the sulks,wicked,,,,,,,
,hawkish,languorous,,,,,,,
,kicking,objecting,,,,,,,
,unsated,emo,,,,,,,
,knock-down-and-drag-out,weighty,,,,,,,
,overexcited,frantic,,,,,,,
,pushed too far,gladdening,,,,,,,
,howling,heart,,,,,,,
,rubbed the wrong way,disconsolately,,,,,,,
,dyspeptic,haplessly,,,,,,,
,zonkers,impactful,,,,,,,
,not be a happy camper idiom,fretted,,,,,,,
,stressy,torn-up,,,,,,,
,gutted,disquieted,,,,,,,
,with chip on shoulder,unable to be consoled,,,,,,,
,cataclysmal,inhuman,,,,,,,
,beside yourself with rage,cringing,,,,,,,
,flipped out,friendless,,,,,,,
,demented,dolent,,,,,,,
,envenomed,in mourning,,,,,,,
,steamed-up,suicidally,,,,,,,
,doleful,not be a happy camper idiom,,,,,,,
,very upset,regretful,,,,,,,
,piping,wooden,,,,,,,
,fervent,haunted,,,,,,,
,spoiling for a fight,lugubriously,,,,,,,
,maniacal,attritional,,,,,,,
,moiling,austere,,,,,,,
,poisonous,a dogs life idiom,,,,,,,
,acerbic,strung out,,,,,,,
,dissatisfied,mourning,,,,,,,
,wrathfully,entreating,,,,,,,
,gladiatorial,bloodless,,,,,,,
,evil,demoralised,,,,,,,
,dark,meager,,,,,,,
,concerted,having the blahs,,,,,,,
,crotchety,syrupy,,,,,,,
,berko,unimpassioned,,,,,,,
,storm-tossed,grave,,,,,,,
,arm,lorn,,,,,,,
,querulous,decadent,,,,,,,
,feverish,inspiriting,,,,,,,
,warlike,sepulchral,,,,,,,
,offensive,warped,,,,,,,
,unassuaged,weighed down,,,,,,,
,begrudging,passionate,,,,,,,
,steam (sth) up,dashed,,,,,,,
,reluctant,lost,,,,,,,
,scrappy,rugged,,,,,,,
,plaintive,gooey,,,,,,,
,offish,sullen,,,,,,,
,unwelcoming,bummed out,,,,,,,
,wired,unenthusiastic,,,,,,,
,sulking,moving,,,,,,,
,aflutter,earnest,,,,,,,
,chagrined,prostrate with grief,,,,,,,
,vicious,lackadaisical,,,,,,,
,burned up,mortifying,,,,,,,
,morose,daydreaming,,,,,,,
,sad,unwelcoming,,,,,,,
,stuffy,sedate,,,,,,,
,hot-headed,enervated,,,,,,,
,hop,disappointing,,,,,,,
,down,be in a funk idiom,,,,,,,
,oppugnant,boring,,,,,,,
,dour,sentimental,,,,,,,
,fed-up,dirgeful,,,,,,,
,quarrelsome,gruesome,,,,,,,
,sniveling,drearisome,,,,,,,
,temperamental,strained,,,,,,,
,rampant,poor,,,,,,,
,hotly,(down) in the dumps idiom,,,,,,,
,uncontent,sober,,,,,,,
,going crook,beside oneself with grief,,,,,,,
,in an uproar,emotionally defeated,,,,,,,
,argumentative,ruined,,,,,,,
,restive,inconvenienced,,,,,,,
,snippety,fruitless,,,,,,,
,difficult,listless,,,,,,,
,eager,affective,,,,,,,
,injured,sniveling,,,,,,,
,black look,in tears,,,,,,,
,caustic,expressive,,,,,,,
,mordacious,goosey,,,,,,,
,fighting,unhappily,,,,,,,
,distressing,inclement,,,,,,,
,flustered,racked with suffering,,,,,,,
,stewed,powerless,,,,,,,
,discouraged,ferocious,,,,,,,
,anxious,down-and-out,,,,,,,
,disturbed,contemptible,,,,,,,
,prickly,disturbing,,,,,,,
,forlorn,injured,,,,,,,
,noisy,desirous,,,,,,,
,vex,saturnine,,,,,,,
,good and mad,dragged,,,,,,,
,peevish,passive,,,,,,,
,disconsolate,gray,,,,,,,
,barbed,frightened,,,,,,,
,belligerent,angsty,,,,,,,
,bearish,woe,,,,,,,
,riproaring,martyred,,,,,,,
,irreconcilable,ill-humored,,,,,,,
,beside oneself,crummy,,,,,,,
,reprehensive,rakehelly,,,,,,,
,vile,intemperate,,,,,,,
,in a fume,mouth,,,,,,,
,full of hate,dreamy,,,,,,,
,hotheaded,penitential,,,,,,,
,fit,evocative,,,,,,,
,threatening,unconfident,,,,,,,
,full-hearted,burned,,,,,,,
,not satisfied,vile,,,,,,,
,grudging,drained,,,,,,,
,woeful,unloved,,,,,,,
,eggy,subdued,,,,,,,
,highly strung,to be pitied,,,,,,,
,breakneck,helpless,,,,,,,
,uncommunicative,characterless,,,,,,,
,panic-struck,dolesome,,,,,,,
,defiant,pining,,,,,,,
,serious,overwrought,,,,,,,
,cyclonic,at sixes and sevens,,,,,,,
,explosive,angry,,,,,,,
,antagonised,huffy,,,,,,,
,weirded out,chastened,,,,,,,
,misty,taken aback,,,,,,,
,gingery,passionless,,,,,,,
,smart-alecky,burdensome,,,,,,,
,volcanic,scurvy,,,,,,,
,blistering,tenebrific,,,,,,,
,with a chip on your shoulder,perturbing,,,,,,,
,peed off,disturbed,,,,,,,
,carrying a chip on your shoulder,jarring,,,,,,,
,superheated,tear-filled,,,,,,,
,harsh,nervy,,,,,,,
,mad as hell,hassled,,,,,,,
,unsettled,cut,,,,,,,
,agonistic,languished,,,,,,,
,ticklish,ghastly,,,,,,,
,temper,awful,,,,,,,
,dramatic,having lost heart,,,,,,,
,sensitive,broodiness,,,,,,,
,in a pet,uninviting,,,,,,,
,caviling,perverted,,,,,,,
,buffaloed,discomfited,,,,,,,
,be out for/after sbs scalp idiom,harsh,,,,,,,
,ill-disposed,muted,,,,,,,
,stung,unsettled,,,,,,,
,blustering,shot-down,,,,,,,
,mighty,bowed down,,,,,,,
,dejected,queazy,,,,,,,
,ill-humored,agonizing,,,,,,,
,scowling,meditative,,,,,,,
,scalding,sensitive,,,,,,,
,intemperate,depressant,,,,,,,
,blustery,unclean,,,,,,,
,adverse,gloom-ridden,,,,,,,
,hassled,screwed up,,,,,,,
,fazed,torpid,,,,,,,
,unfavourable,sluggish,,,,,,,
,in a frenzy,drippy,,,,,,,
,stark,stirring,,,,,,,
,irrational,deploring,,,,,,,
,frenzied,mushy,,,,,,,
,censorious,bit,,,,,,,
,pouting,all alone,,,,,,,
,victimised,pathetic,,,,,,,
,in a huff,degraded,,,,,,,
,filthy,saddening,,,,,,,
,thoughtless,alarmist,,,,,,,
,be up in arms idiom,provoking,,,,,,,
,saturnine,stark,,,,,,,
,steamed,irrational,,,,,,,
,in a strop,deterred,,,,,,,
,disagreeable,homesickness,,,,,,,
,,arousing affect,,,,,,,
,,on a downer,,,,,,,
,,shook up,,,,,,,
,,sheepish,,,,,,,
,,shabby,,,,,,,
,,filthy,,,,,,,
,,crying,,,,,,,
,,jittery,,,,,,,
,,triggered,,,,,,,
,,impressive,,,,,,,
,,trashy,,,,,,,
,,mope around (somewhere),,,,,,,
,,humbled,,,,,,,
,,unpalatable,,,,,,,
,,serious,,,,,,,
,,come apart,,,,,,,
,,unquiet,,,,,,,
,,in anguish,,,,,,,
,,joylessly,,,,,,,
,,shameful,,,,,,,
,,disagreeable,,,,,,,